镜号,标题,起始帧,帧数,起始秒,结束秒,逐镜视频
OPEN,序章,0,120,0.0,2.0,03_审片/clips/OPEN.mp4
M1,床边起身,120,242,2.0,6.033333333333333,03_审片/clips/M1.mp4
M2,走出房门,362,242,6.033333333333333,10.066666666666666,03_审片/clips/M2.mp4
M3,下楼到楼门,604,242,10.066666666666666,14.1,03_审片/clips/M3.mp4
M4,到人群中站定,846,242,14.1,18.133333333333333,03_审片/clips/M4.mp4
M5,与人群等灯,1088,242,18.133333333333333,22.166666666666664,03_审片/clips/M5.mp4
M6,倒计时后起步,1330,242,22.166666666666668,26.200000000000003,03_审片/clips/M6.mp4
M7,过街进入地铁,1572,242,26.2,30.233333333333334,03_审片/clips/M7.mp4
M8,第一扶梯到闸机,1814,242,30.233333333333334,34.266666666666666,03_审片/clips/M8.mp4
M9,刷卡进入付费区,2056,242,34.266666666666666,38.3,03_审片/clips/M9.mp4
M10,第二扶梯到站台,2298,242,38.3,42.33333333333333,03_审片/clips/M10.mp4
M11,空轨站台等待,2540,242,42.333333333333336,46.36666666666667,03_审片/clips/M11.mp4
M12,开门与开始登车,2782,242,46.36666666666667,50.4,03_审片/clips/M12.mp4
M13,进车握扶手后撤远,3024,242,50.4,54.43333333333333,03_审片/clips/M13.mp4
M14,进车后驶离，拉远为线路黄点,3266,242,54.43333333333333,58.46666666666666,03_审片/clips/M14.mp4
M15,远景：局部黄点与局部线路,3508,242,58.46666666666667,62.5,03_审片/clips/M15.mp4
M16,远景：小芯片长出线路与触角,3750,242,62.5,66.53333333333333,03_审片/clips/M16.mp4
M17,缓慢推进：持续放大芯片内部细节,3992,242,66.53333333333333,70.56666666666666,03_审片/clips/M17.mp4
M18,拉远揭示流水线上的黄色芯片,4234,242,70.56666666666666,74.6,03_审片/clips/M18.mp4
M19,劳动动作化为指令,4476,242,74.6,78.63333333333333,03_审片/clips/M19.mp4
M20,指令进入通信网络,4718,242,78.63333333333334,82.66666666666667,03_审片/clips/M20.mp4
M21,语义关系建立,4960,242,82.66666666666667,86.7,03_审片/clips/M21.mp4
M22,语义规整为推送矩阵,5202,242,86.7,90.73333333333333,03_审片/clips/M22.mp4
M23,矩阵生成推荐卡片,5444,242,90.73333333333333,94.76666666666667,03_审片/clips/M23.mp4
M24,推送中看到硅晶之梦,5686,242,94.76666666666667,98.8,03_审片/clips/M24.mp4
M25,回到房间移动鼠标,5928,242,98.8,102.83333333333333,03_审片/clips/M25.mp4
M26,打开硅晶之梦,6170,242,102.83333333333333,106.86666666666666,03_审片/clips/M26.mp4
END,终章,6412,120,106.86666666666666,108.86666666666666,03_审片/clips/END.mp4
